{
    "average": {
        "accuracy": 0.623,
        "correct": 623,
        "total": 1000
    },
    "question_type": {
        "multi_choice": {
            "accuracy": 0.6888888888888889,
            "correct": 372,
            "total": 540
        },
        "free_form": {
            "accuracy": 0.5456521739130434,
            "correct": 251,
            "total": 460
        }
    },
    "answer_type": {
        "text": {
            "accuracy": 0.6888888888888889,
            "correct": 372,
            "total": 540
        },
        "integer": {
            "accuracy": 0.5526315789473685,
            "correct": 231,
            "total": 418
        },
        "list": {
            "accuracy": 0.5,
            "correct": 1,
            "total": 2
        },
        "float": {
            "accuracy": 0.475,
            "correct": 19,
            "total": 40
        }
    },
    "language": {
        "chinese": {
            "accuracy": 0.6451612903225806,
            "correct": 40,
            "total": 62
        },
        "english": {
            "accuracy": 0.6217948717948718,
            "correct": 582,
            "total": 936
        },
        "persian": {
            "accuracy": 0.5,
            "correct": 1,
            "total": 2
        }
    },
    "source": {
        "ScienceQA": {
            "accuracy": 1.0,
            "correct": 9,
            "total": 9
        },
        "VQA-RAD": {
            "accuracy": 1.0,
            "correct": 2,
            "total": 2
        },
        "TQA": {
            "accuracy": 0.9375,
            "correct": 15,
            "total": 16
        },
        "TabMWP": {
            "accuracy": 0.9354838709677419,
            "correct": 58,
            "total": 62
        },
        "VQA-AS": {
            "accuracy": 0.8571428571428571,
            "correct": 6,
            "total": 7
        },
        "AI2D": {
            "accuracy": 0.8372093023255814,
            "correct": 36,
            "total": 43
        },
        "FunctionQA": {
            "accuracy": 0.7903225806451613,
            "correct": 49,
            "total": 62
        },
        "FigureQA": {
            "accuracy": 0.7903225806451613,
            "correct": 49,
            "total": 62
        },
        "Super-CLEVR": {
            "accuracy": 0.7419354838709677,
            "correct": 46,
            "total": 62
        },
        "PaperQA": {
            "accuracy": 0.6842105263157895,
            "correct": 13,
            "total": 19
        },
        "UniGeo": {
            "accuracy": 0.6774193548387096,
            "correct": 42,
            "total": 62
        },
        "ChartQA": {
            "accuracy": 0.66,
            "correct": 33,
            "total": 50
        },
        "GeoQA+": {
            "accuracy": 0.6451612903225806,
            "correct": 40,
            "total": 62
        },
        "GEOS": {
            "accuracy": 0.6363636363636364,
            "correct": 14,
            "total": 22
        },
        "PlotQA": {
            "accuracy": 0.631578947368421,
            "correct": 12,
            "total": 19
        },
        "CLEVR-Math": {
            "accuracy": 0.6290322580645161,
            "correct": 39,
            "total": 62
        },
        "DocVQA": {
            "accuracy": 0.5833333333333334,
            "correct": 7,
            "total": 12
        },
        "IconQA": {
            "accuracy": 0.5806451612903226,
            "correct": 36,
            "total": 62
        },
        "Geometry3K": {
            "accuracy": 0.532258064516129,
            "correct": 33,
            "total": 62
        },
        "DVQA": {
            "accuracy": 0.532258064516129,
            "correct": 33,
            "total": 62
        },
        "VQA2.0": {
            "accuracy": 0.53125,
            "correct": 17,
            "total": 32
        },
        "TextVQA": {
            "accuracy": 0.5,
            "correct": 3,
            "total": 6
        },
        "A-OKVQA": {
            "accuracy": 0.5,
            "correct": 3,
            "total": 6
        },
        "ParsVQA-Caps": {
            "accuracy": 0.5,
            "correct": 1,
            "total": 2
        },
        "MapQA": {
            "accuracy": 0.5,
            "correct": 4,
            "total": 8
        },
        "IQTest": {
            "accuracy": 0.2972972972972973,
            "correct": 11,
            "total": 37
        },
        "SciBench": {
            "accuracy": 0.23529411764705882,
            "correct": 4,
            "total": 17
        },
        "KVQA": {
            "accuracy": 0.13333333333333333,
            "correct": 8,
            "total": 60
        },
        "TheoremQA": {
            "accuracy": 0.0,
            "correct": 0,
            "total": 11
        },
        "PMC-VQA": {
            "accuracy": 0.0,
            "correct": 0,
            "total": 1
        },
        "VizWiz": {
            "accuracy": 0.0,
            "correct": 0,
            "total": 1
        }
    },
    "category": {
        "math-targeted-vqa": {
            "accuracy": 0.6277777777777778,
            "correct": 339,
            "total": 540
        },
        "general-vqa": {
            "accuracy": 0.6173913043478261,
            "correct": 284,
            "total": 460
        }
    },
    "task": {
        "textbook question answering": {
            "accuracy": 0.7151898734177216,
            "correct": 113,
            "total": 158
        },
        "math word problem": {
            "accuracy": 0.7150537634408602,
            "correct": 133,
            "total": 186
        },
        "geometry problem solving": {
            "accuracy": 0.6201923076923077,
            "correct": 129,
            "total": 208
        },
        "figure question answering": {
            "accuracy": 0.6022304832713755,
            "correct": 162,
            "total": 269
        },
        "visual question answering": {
            "accuracy": 0.48044692737430167,
            "correct": 86,
            "total": 179
        }
    },
    "context": {
        "pie chart": {
            "accuracy": 0.9166666666666666,
            "correct": 11,
            "total": 12
        },
        "table": {
            "accuracy": 0.9,
            "correct": 63,
            "total": 70
        },
        "function plot": {
            "accuracy": 0.7903225806451613,
            "correct": 49,
            "total": 62
        },
        "line plot": {
            "accuracy": 0.7435897435897436,
            "correct": 29,
            "total": 39
        },
        "synthetic scene": {
            "accuracy": 0.6854838709677419,
            "correct": 85,
            "total": 124
        },
        "medical image": {
            "accuracy": 0.6666666666666666,
            "correct": 2,
            "total": 3
        },
        "scientific figure": {
            "accuracy": 0.6521739130434783,
            "correct": 60,
            "total": 92
        },
        "scatter plot": {
            "accuracy": 0.6388888888888888,
            "correct": 23,
            "total": 36
        },
        "geometry diagram": {
            "accuracy": 0.6342592592592593,
            "correct": 137,
            "total": 216
        },
        "bar chart": {
            "accuracy": 0.6218487394957983,
            "correct": 74,
            "total": 119
        },
        "document image": {
            "accuracy": 0.5833333333333334,
            "correct": 7,
            "total": 12
        },
        "abstract scene": {
            "accuracy": 0.5573770491803278,
            "correct": 34,
            "total": 61
        },
        "map chart": {
            "accuracy": 0.5,
            "correct": 4,
            "total": 8
        },
        "natural image": {
            "accuracy": 0.3119266055045872,
            "correct": 34,
            "total": 109
        },
        "puzzle test": {
            "accuracy": 0.3055555555555556,